feature,importance
Shipment_Status,0.45086769090256307
Traffic_Status,0.39998438896899313
Inventory_Level,0.01753853192456903
Humidity,0.016177034432575944
Latitude,0.01568591124800269
Demand_Forecast,0.015222769188822963
Waiting_Time,0.015157917456144641
Longitude,0.014733100288876758
User_Transaction_Amount,0.013793783242565324
Asset_Utilization,0.013779695545790992
Temperature,0.011970953103363519
User_Purchase_Frequency,0.007733671797930635
Asset_ID,0.007354551899801588
